like1,parlat_ttime,parcan_max,paresco,parepco,parcn3_swf,parperco,parpet_co,parlatq_co,parcn_a,parcn_b,parcn_c,parcn_d,pargw_flo,pardep_bot,pardep_wt,parflo_dist,parbf_max,paralpha_bf,parrevap,parrchg_dp,parspec_yld,parflo_min,parrevap_min,parfall_tmp,parmelt_tmp,parmelt_max_min,parmelt_lag,parsnow_h2o,parcov50,pardp,part_fc,parlag,parrad,pardist,pardrain,parpump,parlat_kast,parlai_noevap,parsw_init,parsurq_lag,parmsk_co1,parmsk_co2,parmsk_x,parevap_adj,parscoef,parsurq_exp,simulation_0,simulation_1,simulation_2,simulation_3,simulation_4,simulation_5,simulation_6,simulation_7,simulation_8,simulation_9,simulation_10,simulation_11,simulation_12,simulation_13,simulation_14,simulation_15,simulation_16,simulation_17,simulation_18,simulation_19,simulation_20,simulation_21,simulation_22,simulation_23,simulation_24,simulation_25,simulation_26,simulation_27,simulation_28,simulation_29,simulation_30,simulation_31,simulation_32,simulation_33,simulation_34,simulation_35,chain
-34222.06,154.65607,14.999994,0.04698008,0.76573306,0.10824993,0.73161757,0.8499247,0.4513632,58.856712,77.124855,89.55354,81.48624,0.59712833,48.87985,15.551503,67.73571,0.15029447,0.2181681,0.19188905,0.057544455,0.16954242,18.255163,15.5867,3.3054078,-4.2209554,4.916348,0.30466986,498.58426,0.83919656,23.561575,52.317627,61.655403,11.816635,21949.248,40.507404,3.5332942,1.9863749,1.4359052,0.63632596,19.360195,3.5714483,7.1380925,0.024104169,0.9433847,0.53407747,1.9225148,453.215,362.572,634.501,634.501,815.787,1087.716,997.073,906.43,997.073,906.43,906.43,815.787,634.501,362.572,271.929,362.572,725.144,1450.288,1540.931,1540.931,1269.002,1087.716,906.43,634.501,634.501,453.215,453.215,543.858,634.501,1087.716,1178.359,1359.645,1450.288,1269.002,1269.002,1087.716,1.0
-8.741866,134.22546,84.3378,0.7983808,0.45091984,0.6302657,0.8082752,1.2702892,0.906029,36.007725,65.532425,88.66552,86.02908,1.6147751,33.488,18.464296,12.203874,1.4328877,0.057271924,0.17270087,0.040551856,0.32438233,24.55527,23.61869,-1.1755104,0.15266013,4.391494,0.74199414,346.03812,0.4303044,5889.2705,66.81529,73.61577,11.087102,20195.031,41.020847,0.44716272,3.522716,3.5266385,0.63665646,21.590973,8.180667,4.716097,0.118072405,0.6796132,0.81039965,1.99428,0.0,0.0,0.0,0.0,90.643,0.0,0.0,0.0,0.0,0.0,0.0,0.0,0.0,0.0,0.0,0.0,0.0,0.0,0.0,0.0,0.0,0.0,0.0,0.0,0.0,0.0,0.0,0.0,0.0,0.0,0.0,0.0,0.0,0.0,0.0,0.0,1.0
